{
  "obs_mean": [
    0.31998881663319734,
    0.7833022898554096,
    0.45905793704793496,
    0.7210127594161003,
    0.13472319707518898,
    -0.059694111485387384,
    0.2934603293953201,
    0.04697625479342518,
    0.23698365857134787,
    0.21991248134324604,
    0.10636712716299729
  ],
  "obs_var": [
    0.14030419139641026,
    0.07202361792008644,
    0.015187097153989821,
    0.030213677911139797,
    0.13690026694405366,
    0.054114951171540845,
    0.009929153129927124,
    0.04476948634535027,
    0.18082240420783052,
    0.17155098195905114,
    0.09505316148843092
  ],
  "clip_obs": 10.0,
  "obs_dim": 11
}