{
  "obs_mean": [
    0.4948397883197378,
    0.4842945462359606,
    0.4870356096809858,
    0.4994358253828231,
    -0.007560295945458708,
    0.01451039537161129,
    0.27121642600933754,
    0.25724324236552004,
    0.2149786112575424,
    0.1795724377192903,
    0.15651520297023935
  ],
  "obs_var": [
    0.14243479680158713,
    0.16064809845984432,
    0.10151546086726437,
    0.11878978618604948,
    0.10129564683081003,
    0.12122138152090071,
    0.008428741396202975,
    0.19106915668913638,
    0.16876280802566618,
    0.14732617739718193,
    0.13201819427576578
  ],
  "clip_obs": 10.0,
  "obs_dim": 11
}