{
  "obs_mean": [
    0.2699146251721356,
    0.7928361604662191,
    0.45155931070600164,
    0.7275125211496222,
    0.1759682758278863,
    -0.062601800043916,
    0.2888448418321811,
    0.03552380048087029,
    0.2005237047363135,
    0.23867500466262534,
    0.08285050479418792
  ],
  "obs_var": [
    0.12487039424137832,
    0.061538648576726564,
    0.012547260999610562,
    0.02663074430358017,
    0.12484437702877733,
    0.04449964139375002,
    0.008581776936227052,
    0.03426186010021002,
    0.16031394859508794,
    0.1817092468318656,
    0.07598629866948506
  ],
  "clip_obs": 10.0,
  "obs_dim": 11
}