{
  "obs_mean": [
    0.5106389046329116,
    0.5168574312478528,
    0.5481657016579632,
    0.5614514896574734,
    0.036354079313680156,
    0.042735964927356186,
    0.21669553429156133,
    0.11064487280137511,
    0.10169663564714865,
    0.08611086047927566,
    0.13099534542192434
  ],
  "obs_var": [
    0.10340126808478947,
    0.08248801946573979,
    0.1841713504510608,
    0.16366669205398815,
    0.07782296873324894,
    0.07854129769203554,
    0.0271289170068342,
    0.09840258499048697,
    0.09135443001154155,
    0.0786957802531369,
    0.11383556496605843
  ],
  "clip_obs": 10.0,
  "obs_dim": 11
}